2024-06-21,Freelance Income,213.18,expense,Bank Transfer,Transfer to Friend
2024-02-17,Travel,392.98,expense,PayPal,Transfer to Friend
2024-04-27,Salary,454.52,expense,Credit Card,Movie Tickets
2024-07-11,Gadgets,926.74,income,Bank Transfer,Dividends
2024-11-19,Charity,158.52,expense,Google Pay,Service Payment
2024-09-08,Investments,54.85,expense,Debit Card,Restaurant Order
2024-07-14,Charity,106.22,expense,PayPal,Movie Tickets
2024-12-25,Electronics,133.94,expense,Cash,Movie Tickets
2024-01-10,Transportation,202.42,expense,Bank Transfer,Store Purchase
2024-07-30,Travel,169.9,expense,Apple Pay,Bill Payment
2024-10-04,Transportation,285.92,expense,Google Pay,Online Purchase
2024-08-30,Utilities,226.74,expense,Debit Card,Service Payment
2024-10-19,Books,247.2,expense,Bank Transfer,Transfer to Friend
2024-03-28,Gadgets,275.98,expense,Credit Card,Movie Tickets
2024-03-11,Charity,147.39,expense,Bank Transfer,Service Payment
2025-04-17,Freelance Income,124.84,expense,Credit Card,Subscription Payment
2024-03-29,Rent,4915.85,income,PayPal,Dividends
2025-01-31,Transportation,3909.22,income,Cash,Freelance Fee
2024-11-10,Transportation,461.93,expense,Apple Pay,Movie Tickets
2024-07-12,Freelance Income,264.66,expense,Google Pay,Movie Tickets
2024-02-09,Healthcare,448.04,expense,Bank Transfer,Restaurant Order
2024-03-28,Clothing,331.82,expense,Cash,Bill Payment
2024-06-23,Investments,245.79,expense,Google Pay,Bill Payment
2024-03-29,Education,367.09,expense,Apple Pay,Service Payment
2024-12-03,Healthcare,89.39,expense,Google Pay,Restaurant Order
2024-06-14,Beauty & Health,1158.61,income,Cash,Freelance Fee
2024-01-26,Restaurant,468.58,expense,Cash,Service Payment
2024-11-29,Entertainment,305.14,expense,PayPal,Service Payment
2024-03-13,Transportation,490.36,expense,Bank Transfer,Store Purchase
2024-09-22,Groceries,485.49,expense,PayPal,Service Payment
2025-02-08,Education,35.24,expense,Bank Transfer,Store Purchase
2024-04-25,Gifts,418.77,expense,Credit Card,Service Payment
2025-04-09,Transportation,178.4,expense,Cash,Subscription Payment
2024-08-31,Books,300.26,expense,Credit Card,Restaurant Order
2024-07-16,Clothing,367.14,expense,Apple Pay,Subscription Payment
2024-12-01,Education,33.74,expense,Google Pay,Subscription Payment
2025-03-07,Rent,129.09,expense,Apple Pay,Clothing Purchase
2025-03-24,Rent,3565.76,income,Google Pay,Client Payment
2024-12-04,Books,326.22,expense,Google Pay,Restaurant Order
2024-04-09,Clothing,346.96,expense,Apple Pay,Clothing Purchase
2025-04-17,Transportation,27.62,expense,Credit Card,Transfer to Friend
2024-06-26,Healthcare,243.5,expense,Apple Pay,Transfer to Friend
2024-08-31,Salary,446.51,expense,Apple Pay,Subscription Payment
2024-10-12,Gadgets,210.14,expense,Cash,Service Payment
2024-05-27,Charity,170.53,expense,Credit Card,Online Purchase
2024-05-27,Electronics,438.33,expense,Cash,Restaurant Order
2025-02-02,Freelance Income,285.9,expense,Credit Card,Store Purchase
2025-02-27,Electronics,3656.82,income,Bank Transfer,Refund
2024-10-15,Travel,303.97,expense,Cash,Store Purchase
2025-03-25,Travel,419.68,expense,Google Pay,Store Purchase
2024-09-22,Gifts,499.71,expense,Google Pay,Service Payment
2024-07-04,Utilities,203.9,expense,Debit Card,Restaurant Order
2024-05-07,Groceries,360.08,expense,Google Pay,Store Purchase
2024-02-02,Books,99.28,expense,Google Pay,Online Purchase
2024-02-01,Gadgets,489.37,expense,PayPal,Service Payment
2024-07-21,Freelance Income,15.81,expense,Google Pay,Clothing Purchase
2024-09-01,Entertainment,71.04,expense,Google Pay,Movie Tickets
2024-05-31,Salary,1194.98,income,Cash,Monthly Salary
2024-06-12,Beauty & Health,133.54,expense,Debit Card,Bill Payment
2025-04-04,Restaurant,25.79,expense,Apple Pay,Clothing Purchase
2025-01-05,Electronics,189.36,expense,Credit Card,Movie Tickets
2024-07-02,Education,149.06,expense,Credit Card,Subscription Payment
2024-01-29,Clothing,395.86,expense,Debit Card,Service Payment
2024-10-17,Charity,1713.3,income,Bank Transfer,Freelance Fee
2024-05-08,Gadgets,494.7,expense,Debit Card,Subscription Payment
2024-05-08,Entertainment,123.65,expense,Debit Card,Store Purchase
2025-02-24,Rent,365.69,expense,PayPal,Transfer to Friend
2024-02-23,Investments,58.78,expense,PayPal,Movie Tickets
2025-01-24,Travel,399.95,expense,Cash,Bill Payment
2024-02-08,Travel,2739.81,income,Debit Card,Monthly Salary
2024-09-01,Investments,447.73,expense,Apple Pay,Subscription Payment
2024-09-30,Restaurant,487.41,expense,Cash,Service Payment
2024-12-01,Transportation,114.42,expense,Cash,Restaurant Order
2025-01-23,Entertainment,261.91,expense,PayPal,Clothing Purchase
2024-04-15,Restaurant,112.54,expense,Debit Card,Service Payment
2024-02-12,Healthcare,134.15,expense,PayPal,Subscription Payment
2025-03-18,Education,36.61,expense,Bank Transfer,Store Purchase
2024-02-01,Electronics,104.84,expense,PayPal,Clothing Purchase
2025-01-11,Clothing,25.84,expense,Bank Transfer,Online Purchase
2024-09-14,Utilities,2562.84,income,Bank Transfer,Dividends
2024-11-17,Utilities,3183.08,income,Credit Card,Refund
2025-03-01,Restaurant,341.57,expense,PayPal,Movie Tickets
2024-02-27,Investments,499.1,expense,Bank Transfer,Online Purchase
2024-10-18,Charity,9.8,expense,Google Pay,Bill Payment
2024-12-24,Investments,1167.65,income,Bank Transfer,Dividends
2024-04-29,Utilities,293.56,expense,Cash,Clothing Purchase
2024-09-24,Transportation,458.18,expense,Credit Card,Service Payment
2025-03-06,Utilities,568.78,income,Debit Card,Refund
2024-03-23,Rent,435.0,expense,Debit Card,Clothing Purchase
2024-04-01,Books,267.25,expense,Bank Transfer,Store Purchase
2025-01-19,Transportation,403.53,expense,Apple Pay,Service Payment
2025-02-02,Gifts,107.02,expense,Bank Transfer,Movie Tickets
2024-04-09,Gifts,243.7,expense,Bank Transfer,Restaurant Order
2024-02-23,Restaurant,433.06,expense,Apple Pay,Store Purchase
2025-01-31,Groceries,154.71,expense,Debit Card,Transfer to Friend
2024-05-01,Transportation,134.69,expense,Google Pay,Transfer to Friend
2025-03-02,Gifts,194.92,expense,Apple Pay,Subscription Payment
2024-03-25,Utilities,366.08,expense,Cash,Bill Payment
2024-07-22,Beauty & Health,74.75,expense,Apple Pay,Service Payment
2024-11-20,Utilities,179.62,expense,Bank Transfer,Store Purchase
2024-09-19,Electronics,28.28,expense,Google Pay,Clothing Purchase
2025-03-28,Utilities,3192.35,income,Apple Pay,Freelance Fee
2024-02-17,Investments,2971.15,income,Credit Card,Dividends
2024-05-07,Freelance Income,389.84,expense,Cash,Service Payment
2024-05-11,Charity,309.09,expense,Apple Pay,Bill Payment
2025-04-05,Entertainment,358.24,expense,Google Pay,Transfer to Friend
2024-12-22,Utilities,196.88,expense,Apple Pay,Transfer to Friend
2024-06-29,Entertainment,393.82,expense,Cash,Online Purchase
2024-11-30,Freelance Income,379.53,expense,Debit Card,Clothing Purchase
2024-05-23,Transportation,451.45,expense,PayPal,Store Purchase
2024-05-28,Clothing,472.67,expense,Credit Card,Online Purchase
2024-08-15,Transportation,442.92,expense,Apple Pay,Movie Tickets
2025-03-18,Books,156.13,expense,Credit Card,Service Payment
2024-10-06,Gifts,213.92,expense,Cash,Service Payment
2024-07-26,Gifts,2368.23,income,Apple Pay,Freelance Fee
2025-02-01,Groceries,218.39,expense,Cash,Restaurant Order
2025-01-08,Travel,481.31,expense,Cash,Transfer to Friend
2024-12-07,Salary,2116.64,income,Debit Card,Monthly Salary
2024-02-18,Salary,415.98,expense,Google Pay,Online Purchase
2024-11-01,Salary,4520.46,income,Cash,Freelance Fee
2024-03-10,Education,367.39,expense,Apple Pay,Service Payment
2024-06-18,Groceries,346.29,expense,Google Pay,Online Purchase
2024-06-12,Utilities,60.63,expense,Apple Pay,Bill Payment
2025-03-24,Clothing,4849.34,income,Debit Card,Dividends
2024-04-05,Travel,151.69,expense,Apple Pay,Movie Tickets
2024-07-16,Investments,496.51,expense,Bank Transfer,Service Payment
2024-04-04,Restaurant,191.41,expense,Credit Card,Subscription Payment
2024-09-13,Healthcare,125.21,expense,Debit Card,Subscription Payment
2025-01-04,Salary,27.9,expense,Bank Transfer,Subscription Payment
2024-06-27,Groceries,352.57,expense,PayPal,Subscription Payment
2024-10-19,Gadgets,371.74,expense,Bank Transfer,Subscription Payment
2025-02-22,Gifts,180.51,expense,PayPal,Online Purchase
2024-10-31,Salary,266.96,expense,PayPal,Restaurant Order
2024-12-15,Groceries,365.45,expense,PayPal,Bill Payment
2025-01-22,Education,476.41,expense,Credit Card,Service Payment
2024-04-08,Entertainment,281.3,expense,Google Pay,Subscription Payment
2024-02-12,Electronics,96.76,expense,PayPal,Restaurant Order
2025-04-06,Rent,229.46,expense,Credit Card,Movie Tickets
2025-01-03,Salary,320.47,expense,Google Pay,Clothing Purchase
2025-02-09,Education,415.94,expense,Bank Transfer,Clothing Purchase
2024-07-20,Electronics,1843.52,income,Bank Transfer,Dividends
2025-01-18,Charity,354.62,expense,Cash,Clothing Purchase
2024-01-01,Travel,120.02,expense,Debit Card,Restaurant Order
2025-01-29,Groceries,4476.73,income,Cash,Monthly Salary
2025-01-05,Clothing,445.83,expense,PayPal,Restaurant Order
2024-02-13,Entertainment,180.14,expense,Bank Transfer,Online Purchase
2025-03-18,Transportation,4065.06,income,Bank Transfer,Dividends
2025-01-18,Investments,4367.54,income,Cash,Freelance Fee
2024-01-24,Gifts,144.96,expense,Bank Transfer,Subscription Payment
2024-07-06,Books,268.03,expense,Apple Pay,Restaurant Order
2024-05-10,Sports,390.38,expense,Debit Card,Transfer to Friend
2025-01-12,Electronics,316.26,expense,Cash,Subscription Payment
2024-04-08,Entertainment,297.58,expense,Bank Transfer,Subscription Payment
2024-03-03,Gadgets,238.97,expense,Credit Card,Restaurant Order
2025-02-23,Travel,253.28,expense,Apple Pay,Clothing Purchase
2024-08-10,Beauty & Health,75.69,expense,Cash,Clothing Purchase
2024-05-03,Charity,180.92,expense,Cash,Restaurant Order
2025-03-27,Books,345.01,expense,Apple Pay,Service Payment
2024-03-23,Freelance Income,685.3,income,Cash,Client Payment
2025-03-06,Clothing,351.34,expense,Credit Card,Online Purchase
2024-08-15,Restaurant,57.2,expense,Apple Pay,Clothing Purchase
2024-05-28,Investments,168.69,expense,Credit Card,Restaurant Order
2024-07-28,Electronics,78.01,expense,Credit Card,Bill Payment
2024-02-20,Education,224.84,expense,PayPal,Restaurant Order
2025-02-15,Travel,113.98,expense,PayPal,Online Purchase
2024-09-27,Education,29.65,expense,Cash,Restaurant Order
2024-02-11,Healthcare,436.15,expense,Cash,Bill Payment
2024-02-28,Rent,152.28,expense,Apple Pay,Service Payment
2024-07-12,Books,386.86,expense,PayPal,Bill Payment
2024-02-06,Electronics,3635.62,income,Apple Pay,Client Payment
2024-09-23,Gifts,247.65,expense,Credit Card,Clothing Purchase
2024-03-27,Investments,26.68,expense,Debit Card,Subscription Payment
2024-02-13,Groceries,8.53,expense,Google Pay,Service Payment
2024-12-26,Gifts,485.48,expense,Bank Transfer,Restaurant Order
2024-01-12,Healthcare,173.05,expense,Bank Transfer,Service Payment
2024-09-15,Transportation,164.85,expense,Debit Card,Clothing Purchase
2024-11-03,Clothing,699.59,income,Cash,Dividends
2024-03-21,Education,176.14,expense,Debit Card,Online Purchase
2024-02-02,Gadgets,430.7,expense,PayPal,Transfer to Friend
2024-07-01,Salary,123.78,expense,Bank Transfer,Transfer to Friend
2024-05-08,Transportation,2728.85,income,Cash,Refund
2024-10-21,Gifts,232.95,expense,Cash,Service Payment
2024-10-02,Transportation,414.0,expense,PayPal,Subscription Payment
2024-06-23,Education,43.19,expense,Bank Transfer,Restaurant Order
2024-02-12,Freelance Income,1311.75,income,Credit Card,Refund
2025-01-06,Utilities,143.1,expense,Debit Card,Bill Payment
2024-07-03,Gifts,4548.32,income,Bank Transfer,Client Payment
2025-03-20,Education,389.84,expense,Bank Transfer,Movie Tickets
2024-03-18,Electronics,134.19,expense,Cash,Online Purchase
2024-10-13,Entertainment,357.39,expense,Apple Pay,Subscription Payment
2024-10-07,Gifts,145.86,expense,Apple Pay,Store Purchase
2024-05-05,Sports,430.25,expense,PayPal,Service Payment
2024-09-15,Clothing,3817.78,income,Credit Card,Dividends
2024-01-04,Sports,114.67,expense,Cash,Online Purchase
2024-04-04,Books,167.02,expense,Apple Pay,Bill Payment
2024-08-14,Travel,89.83,expense,Bank Transfer,Store Purchase
2024-12-29,Books,294.79,expense,Google Pay,Store Purchase
2024-09-26,Utilities,81.85,expense,Bank Transfer,Subscription Payment
2025-01-03,Transportation,1429.27,income,Bank Transfer,Refund
2024-10-23,Education,70.4,expense,Google Pay,Online Purchase
2024-11-24,Freelance Income,297.56,expense,Cash,Clothing Purchase
2024-01-20,Charity,265.59,expense,PayPal,Bill Payment
2024-04-05,Electronics,479.52,expense,Apple Pay,Movie Tickets
2024-11-24,Rent,249.88,expense,Bank Transfer,Clothing Purchase
2025-02-14,Investments,43.99,expense,Bank Transfer,Subscription Payment
2025-03-26,Freelance Income,411.74,expense,PayPal,Transfer to Friend
2024-09-05,Beauty & Health,161.0,expense,Debit Card,Online Purchase
2024-06-29,Electronics,331.59,expense,Debit Card,Online Purchase
2024-11-19,Salary,155.93,expense,Bank Transfer,Bill Payment
2024-11-13,Sports,3336.97,income,Cash,Dividends
2024-09-27,Travel,17.16,expense,Cash,Store Purchase
2024-12-18,Healthcare,166.7,expense,Debit Card,Store Purchase
2024-09-17,Gifts,4648.93,income,PayPal,Refund
2025-03-27,Utilities,92.58,expense,Apple Pay,Bill Payment
2024-08-25,Gifts,207.6,expense,Bank Transfer,Transfer to Friend
2024-05-19,Sports,490.41,expense,Google Pay,Clothing Purchase
2024-03-27,Beauty & Health,65.68,expense,Credit Card,Restaurant Order
2025-04-06,Groceries,312.81,expense,Google Pay,Movie Tickets
2025-01-12,Utilities,1568.21,income,Credit Card,Freelance Fee
2024-04-19,Groceries,448.68,expense,Credit Card,Movie Tickets
2024-11-27,Transportation,433.01,expense,Bank Transfer,Service Payment
2024-07-03,Electronics,309.39,expense,Debit Card,Store Purchase
2024-01-17,Investments,367.7,expense,Apple Pay,Store Purchase
2024-06-01,Beauty & Health,182.39,expense,PayPal,Subscription Payment
2025-02-17,Healthcare,85.33,expense,Debit Card,Restaurant Order
2024-05-29,Clothing,472.49,expense,Debit Card,Store Purchase
2024-04-20,Books,277.47,expense,Google Pay,Store Purchase
2024-01-26,Sports,134.91,expense,PayPal,Store Purchase
2025-04-09,Freelance Income,204.87,expense,Cash,Clothing Purchase
2025-03-20,Groceries,497.86,expense,Apple Pay,Transfer to Friend
2025-01-12,Restaurant,464.92,expense,Google Pay,Online Purchase
2025-01-09,Books,196.11,expense,Credit Card,Transfer to Friend
2024-04-27,Entertainment,168.07,expense,Bank Transfer,Online Purchase
2025-03-21,Sports,179.91,expense,Debit Card,Subscription Payment
2024-03-24,Groceries,30.37,expense,Debit Card,Subscription Payment
2024-06-10,Salary,150.25,expense,Google Pay,Clothing Purchase
2024-12-26,Freelance Income,493.8,expense,Google Pay,Store Purchase
2025-02-20,Utilities,223.73,expense,Cash,Bill Payment
2024-08-16,Travel,333.78,expense,Apple Pay,Transfer to Friend
2024-09-08,Charity,276.69,expense,Debit Card,Restaurant Order
2024-05-01,Rent,36.33,expense,Bank Transfer,Subscription Payment
2024-11-22,Entertainment,317.9,expense,Bank Transfer,Movie Tickets
2025-04-14,Freelance Income,136.55,expense,Cash,Transfer to Friend
2024-10-14,Gifts,410.78,expense,Debit Card,Transfer to Friend
2024-01-14,Sports,162.38,expense,Credit Card,Bill Payment
2024-11-23,Gifts,423.15,expense,Credit Card,Movie Tickets
2024-07-03,Restaurant,234.74,expense,Bank Transfer,Store Purchase
2024-06-01,Gifts,400.25,expense,Cash,Online Purchase
2024-03-20,Salary,470.97,expense,Apple Pay,Online Purchase
2024-02-11,Salary,251.01,expense,Bank Transfer,Online Purchase
2024-10-01,Healthcare,472.75,expense,Cash,Restaurant Order
2024-02-10,Restaurant,373.3,expense,Google Pay,Clothing Purchase
2025-03-14,Books,406.1,expense,Credit Card,Service Payment
2024-07-26,Rent,37.29,expense,Apple Pay,Restaurant Order
2024-09-24,Freelance Income,130.08,expense,Bank Transfer,Bill Payment
2024-06-15,Investments,635.6,income,Google Pay,Monthly Salary
2024-04-21,Clothing,201.96,expense,Google Pay,Restaurant Order
2024-12-15,Freelance Income,412.16,expense,Debit Card,Clothing Purchase
2024-05-09,Restaurant,3697.19,income,Google Pay,Dividends
2024-08-11,Groceries,460.86,expense,Cash,Subscription Payment
2025-01-09,Transportation,176.98,expense,Cash,Store Purchase
2024-10-27,Education,337.34,expense,Cash,Clothing Purchase
2024-08-04,Investments,423.31,expense,Debit Card,Store Purchase
2025-01-16,Freelance Income,492.23,expense,PayPal,Transfer to Friend
2024-01-25,Utilities,205.08,expense,Bank Transfer,Transfer to Friend
2024-03-08,Beauty & Health,446.95,expense,Apple Pay,Clothing Purchase
2025-04-11,Beauty & Health,262.21,expense,Apple Pay,Movie Tickets
2024-09-16,Freelance Income,175.63,expense,Cash,Service Payment
2024-08-22,Sports,136.46,expense,Debit Card,Transfer to Friend
2024-07-23,Clothing,261.13,expense,Credit Card,Clothing Purchase
2024-10-18,Electronics,24.11,expense,Apple Pay,Subscription Payment
2024-08-02,Books,3909.61,income,Credit Card,Monthly Salary
2024-07-08,Electronics,407.07,expense,Credit Card,Movie Tickets
2024-07-16,Investments,71.76,expense,Cash,Movie Tickets
2024-08-03,Sports,2829.52,income,Google Pay,Monthly Salary
2024-02-13,Transportation,3233.93,income,PayPal,Client Payment
2024-02-02,Investments,258.64,expense,Credit Card,Service Payment
2024-01-12,Investments,95.39,expense,Cash,Subscription Payment
2024-04-14,Investments,100.7,expense,Apple Pay,Restaurant Order
2024-07-31,Beauty & Health,399.4,expense,Bank Transfer,Store Purchase
2024-05-18,Rent,418.42,expense,PayPal,Service Payment
2024-07-01,Beauty & Health,304.05,expense,Apple Pay,Transfer to Friend
2025-02-25,Gadgets,402.86,expense,Credit Card,Restaurant Order
2024-05-05,Groceries,135.75,expense,Cash,Restaurant Order
2024-06-05,Salary,617.84,income,Credit Card,Monthly Salary
2024-04-21,Freelance Income,328.45,expense,Debit Card,Store Purchase
2024-09-15,Electronics,374.28,expense,PayPal,Clothing Purchase
2024-01-28,Transportation,270.13,expense,Google Pay,Restaurant Order
2025-04-12,Clothing,2821.39,income,Debit Card,Monthly Salary
2024-08-05,Salary,238.33,expense,Credit Card,Store Purchase
2024-05-31,Books,147.11,expense,Cash,Store Purchase
2024-11-05,Freelance Income,472.48,expense,Credit Card,Subscription Payment
2024-11-03,Rent,83.69,expense,Bank Transfer,Online Purchase
2024-06-23,Investments,244.04,expense,Cash,Restaurant Order
2024-05-28,Healthcare,144.38,expense,Credit Card,Subscription Payment
2025-03-13,Salary,439.78,expense,Debit Card,Clothing Purchase
2024-01-30,Restaurant,3042.13,income,Credit Card,Monthly Salary
2024-03-08,Restaurant,2254.58,income,Credit Card,Freelance Fee
2024-02-05,Groceries,1954.96,income,Cash,Monthly Salary
2024-10-22,Beauty & Health,60.39,expense,Google Pay,Subscription Payment
2025-01-28,Utilities,193.04,expense,PayPal,Store Purchase
2024-03-14,Gifts,344.78,expense,Credit Card,Online Purchase
2024-10-24,Salary,269.01,expense,Credit Card,Service Payment
2025-02-11,Gifts,178.54,expense,PayPal,Service Payment
2025-01-22,Gifts,193.97,expense,Credit Card,Restaurant Order
2024-10-29,Travel,292.78,expense,Debit Card,Transfer to Friend
2024-08-06,Books,15.75,expense,Credit Card,Clothing Purchase
2025-03-10,Clothing,1947.07,income,Apple Pay,Refund
2024-12-30,Entertainment,427.02,expense,Apple Pay,Subscription Payment
2024-09-16,Freelance Income,2394.72,income,PayPal,Refund
2024-10-14,Entertainment,304.07,expense,Credit Card,Subscription Payment
2024-09-22,Investments,83.71,expense,Google Pay,Transfer to Friend
2025-01-29,Books,2157.27,income,Apple Pay,Freelance Fee
2024-01-28,Salary,316.98,expense,Credit Card,Store Purchase
2025-03-05,Clothing,293.92,expense,PayPal,Transfer to Friend
2024-07-18,Beauty & Health,218.45,expense,Debit Card,Restaurant Order
2025-02-27,Freelance Income,176.7,expense,Cash,Subscription Payment
2024-03-02,Charity,20.46,expense,PayPal,Restaurant Order
2024-12-07,Transportation,354.98,expense,Google Pay,Service Payment
2024-12-19,Gifts,279.19,expense,Credit Card,Subscription Payment
2024-02-14,Education,19.71,expense,Google Pay,Subscription Payment
2024-10-17,Travel,441.53,expense,Apple Pay,Transfer to Friend
2025-02-22,Investments,402.27,expense,Google Pay,Restaurant Order
2024-03-29,Clothing,174.52,expense,Debit Card,Movie Tickets
2024-02-03,Sports,456.52,expense,Debit Card,Movie Tickets
2024-05-13,Healthcare,496.35,expense,PayPal,Bill Payment
2024-08-20,Travel,482.49,expense,Google Pay,Restaurant Order
2024-09-12,Entertainment,81.24,expense,Bank Transfer,Store Purchase
2024-02-06,Charity,490.61,expense,Cash,Movie Tickets
2024-09-13,Education,303.55,expense,Cash,Movie Tickets
2025-04-04,Clothing,309.08,expense,Cash,Restaurant Order
2024-10-17,Beauty & Health,4515.85,income,Debit Card,Refund
2024-07-16,Entertainment,187.7,expense,Apple Pay,Transfer to Friend
2025-01-17,Travel,118.21,expense,Bank Transfer,Subscription Payment
2025-03-13,Sports,43.58,expense,Credit Card,Movie Tickets
2024-09-11,Groceries,425.54,expense,PayPal,Movie Tickets
2024-03-21,Charity,221.9,expense,Debit Card,Restaurant Order
2025-03-22,Groceries,460.23,expense,PayPal,Subscription Payment
2024-05-16,Restaurant,2187.72,income,Apple Pay,Monthly Salary
2024-07-08,Restaurant,120.38,expense,Cash,Clothing Purchase
2024-05-09,Travel,138.0,expense,PayPal,Movie Tickets
2024-07-28,Sports,238.98,expense,Credit Card,Subscription Payment
2025-01-03,Sports,154.71,expense,PayPal,Subscription Payment
2024-10-18,Transportation,241.67,expense,Bank Transfer,Restaurant Order
2025-01-11,Transportation,118.68,expense,Debit Card,Service Payment
2024-12-13,Utilities,51.6,expense,Google Pay,Store Purchase
2024-06-17,Utilities,103.26,expense,Google Pay,Store Purchase
2025-01-07,Freelance Income,378.89,expense,Apple Pay,Clothing Purchase
2024-10-19,Entertainment,281.98,expense,Google Pay,Bill Payment
2024-06-25,Entertainment,124.64,expense,Google Pay,Clothing Purchase
2024-01-26,Gadgets,9.44,expense,Bank Transfer,Bill Payment
2024-11-19,Investments,1871.45,income,Credit Card,Refund
2024-12-25,Salary,431.06,expense,Credit Card,Subscription Payment
2024-10-18,Gadgets,372.48,expense,Apple Pay,Clothing Purchase
2024-04-24,Salary,308.15,expense,PayPal,Service Payment
2024-10-13,Salary,238.13,expense,Apple Pay,Bill Payment
2024-01-30,Salary,182.81,expense,Google Pay,Restaurant Order
2024-08-29,Gadgets,242.47,expense,Cash,Transfer to Friend
2024-10-16,Electronics,466.78,expense,Debit Card,Subscription Payment
2024-05-26,Travel,342.15,expense,PayPal,Restaurant Order
2024-09-30,Books,468.2,expense,Apple Pay,Online Purchase
2024-08-09,Freelance Income,245.91,expense,Bank Transfer,Bill Payment
2024-12-06,Groceries,1927.15,income,Google Pay,Freelance Fee
2024-01-03,Gifts,289.81,expense,PayPal,Store Purchase
2024-03-10,Transportation,364.09,expense,Cash,Subscription Payment
2024-12-23,Rent,185.26,expense,Cash,Online Purchase
2025-01-31,Groceries,7.23,expense,Google Pay,Service Payment
2024-02-14,Charity,456.68,expense,Apple Pay,Service Payment
2025-01-08,Electronics,5.74,expense,Cash,Restaurant Order
2024-09-10,Sports,120.98,expense,PayPal,Restaurant Order
2024-11-18,Travel,220.73,expense,Google Pay,Restaurant Order
2024-04-21,Beauty & Health,138.31,expense,Apple Pay,Bill Payment
2024-04-01,Salary,340.2,expense,Bank Transfer,Subscription Payment
2024-12-07,Books,4753.35,income,Debit Card,Monthly Salary
2025-02-27,Groceries,312.3,expense,PayPal,Subscription Payment
2024-02-09,Education,331.71,expense,PayPal,Online Purchase
2025-04-04,Books,282.0,expense,Cash,Clothing Purchase
2024-05-30,Books,237.55,expense,Bank Transfer,Clothing Purchase
2025-02-18,Investments,1644.95,income,Bank Transfer,Monthly Salary
2024-05-25,Books,411.88,expense,PayPal,Online Purchase
2024-07-17,Healthcare,388.73,expense,Cash,Restaurant Order
2025-03-31,Electronics,7.97,expense,Google Pay,Restaurant Order
2024-10-01,Electronics,124.32,expense,PayPal,Clothing Purchase
2024-12-14,Utilities,145.34,expense,Bank Transfer,Clothing Purchase
2024-02-13,Utilities,263.58,expense,Credit Card,Service Payment
2024-03-24,Gadgets,317.3,expense,Cash,Service Payment
2025-03-09,Utilities,170.55,expense,Google Pay,Subscription Payment
2024-10-24,Electronics,97.88,expense,Credit Card,Clothing Purchase
2024-04-03,Rent,394.59,expense,Google Pay,Bill Payment
2024-06-23,Books,167.39,expense,Bank Transfer,Movie Tickets
2025-02-09,Charity,80.31,expense,Apple Pay,Clothing Purchase
2024-07-20,Restaurant,301.04,expense,Credit Card,Store Purchase
2024-12-11,Travel,422.55,expense,Apple Pay,Movie Tickets
2025-04-25,Education,780.19,income,PayPal,Freelance Fee
2025-04-20,Charity,343.84,expense,PayPal,Movie Tickets
2024-11-25,Gadgets,172.38,expense,Credit Card,Online Purchase
2024-01-29,Salary,181.48,expense,PayPal,Clothing Purchase
2024-07-28,Electronics,162.18,expense,Cash,Clothing Purchase
2024-04-15,Utilities,61.08,expense,PayPal,Subscription Payment
2025-03-18,Electronics,108.96,expense,Apple Pay,Bill Payment
2025-01-19,Beauty & Health,1432.95,income,Bank Transfer,Refund
2025-04-15,Restaurant,208.64,expense,Apple Pay,Online Purchase
2024-03-04,Groceries,336.04,expense,Apple Pay,Movie Tickets
2024-01-17,Travel,274.24,expense,Cash,Service Payment
2024-04-16,Charity,248.9,expense,Credit Card,Store Purchase
2024-06-13,Gifts,183.21,expense,Apple Pay,Service Payment
2024-04-04,Groceries,123.36,expense,Bank Transfer,Store Purchase
2024-01-25,Books,235.55,expense,Bank Transfer,Service Payment
2024-04-26,Electronics,420.02,expense,PayPal,Online Purchase
2024-07-10,Freelance Income,464.06,expense,Google Pay,Online Purchase
2024-07-14,Restaurant,49.04,expense,Debit Card,Subscription Payment
2024-11-03,Restaurant,36.33,expense,PayPal,Movie Tickets
2024-05-16,Gifts,365.94,expense,Cash,Store Purchase
2025-03-16,Gifts,468.17,expense,Google Pay,Subscription Payment
2024-12-13,Utilities,63.86,expense,Credit Card,Restaurant Order
2024-04-03,Beauty & Health,135.76,expense,Debit Card,Service Payment
2025-01-14,Gadgets,402.52,expense,Apple Pay,Online Purchase
2024-08-26,Sports,172.68,expense,Cash,Movie Tickets
2024-03-28,Rent,410.65,expense,Debit Card,Transfer to Friend
2024-06-09,Utilities,497.6,expense,PayPal,Movie Tickets
2024-05-27,Transportation,56.57,expense,Google Pay,Service Payment
2024-03-13,Restaurant,655.97,income,Debit Card,Freelance Fee
2025-03-31,Entertainment,355.16,expense,Apple Pay,Subscription Payment
2024-03-28,Healthcare,306.35,expense,Debit Card,Clothing Purchase
2024-01-14,Rent,486.55,expense,Bank Transfer,Bill Payment
2024-11-10,Education,414.97,expense,Debit Card,Subscription Payment
2024-03-22,Sports,385.95,expense,Apple Pay,Service Payment
2024-04-30,Investments,354.66,expense,Cash,Bill Payment
2025-01-07,Transportation,149.74,expense,Credit Card,Service Payment
2025-03-15,Clothing,258.79,expense,Google Pay,Bill Payment
2024-11-16,Electronics,2762.28,income,Cash,Refund
2024-07-22,Transportation,234.16,expense,Credit Card,Bill Payment
2024-08-08,Gadgets,221.29,expense,Cash,Transfer to Friend
2025-02-24,Groceries,321.02,expense,Cash,Transfer to Friend
2024-10-08,Investments,276.18,expense,Cash,Transfer to Friend
2024-10-15,Healthcare,347.7,expense,Debit Card,Subscription Payment
2025-03-02,Charity,2248.76,income,Bank Transfer,Dividends
2024-09-27,Healthcare,159.81,expense,PayPal,Movie Tickets
2025-04-15,Electronics,214.71,expense,Bank Transfer,Subscription Payment
2024-10-11,Beauty & Health,404.93,expense,Cash,Restaurant Order
2024-10-03,Healthcare,942.9,income,Credit Card,Freelance Fee
2025-04-11,Electronics,3892.52,income,PayPal,Client Payment
2024-11-20,Entertainment,252.42,expense,PayPal,Transfer to Friend
2024-01-23,Gifts,468.71,expense,Credit Card,Store Purchase
2024-08-15,Books,128.36,expense,Google Pay,Online Purchase
2025-01-13,Gadgets,97.21,expense,Bank Transfer,Transfer to Friend
2024-03-24,Groceries,432.77,expense,Apple Pay,Restaurant Order
2024-05-15,Rent,282.19,expense,Apple Pay,Subscription Payment
2025-04-01,Healthcare,388.11,expense,Apple Pay,Store Purchase
2024-03-02,Electronics,424.47,expense,PayPal,Store Purchase
2024-05-21,Rent,197.01,expense,Bank Transfer,Restaurant Order
2024-01-06,Books,67.75,expense,Bank Transfer,Service Payment
2024-09-13,Groceries,447.43,expense,Apple Pay,Store Purchase
2024-05-16,Healthcare,227.94,expense,PayPal,Transfer to Friend
2024-07-26,Salary,132.84,expense,Google Pay,Service Payment
2025-04-08,Rent,371.68,expense,Google Pay,Store Purchase
2025-03-13,Beauty & Health,38.18,expense,Credit Card,Clothing Purchase
2024-05-19,Electronics,449.01,expense,Bank Transfer,Subscription Payment
2024-01-05,Books,301.19,expense,Apple Pay,Bill Payment
2025-02-27,Salary,482.02,expense,Apple Pay,Movie Tickets
2024-12-14,Clothing,2657.52,income,Bank Transfer,Freelance Fee
2025-03-05,Freelance Income,154.2,expense,PayPal,Subscription Payment
2024-10-09,Gadgets,351.99,expense,Debit Card,Bill Payment
2024-03-15,Charity,291.48,expense,Debit Card,Movie Tickets
2024-11-04,Restaurant,98.46,expense,Debit Card,Online Purchase
2025-03-09,Books,74.43,expense,Google Pay,Movie Tickets
2024-08-07,Sports,255.63,expense,Debit Card,Clothing Purchase
2024-11-03,Clothing,230.82,expense,Cash,Movie Tickets
2024-08-15,Education,232.11,expense,Cash,Service Payment
2024-12-27,Education,428.56,expense,Google Pay,Store Purchase
2024-10-01,Education,96.58,expense,Apple Pay,Subscription Payment
2025-01-08,Salary,137.5,expense,Cash,Store Purchase
2024-10-17,Charity,87.9,expense,Google Pay,Transfer to Friend
2024-02-21,Healthcare,252.4,expense,Google Pay,Bill Payment
2024-06-07,Salary,2443.71,income,Apple Pay,Monthly Salary
2025-03-13,Groceries,12.07,expense,Debit Card,Movie Tickets
2024-11-10,Salary,435.95,expense,Credit Card,Restaurant Order
2025-03-03,Investments,93.51,expense,Bank Transfer,Subscription Payment
2024-11-07,Restaurant,295.47,expense,Cash,Online Purchase
2024-10-01,Beauty & Health,304.22,expense,Bank Transfer,Subscription Payment
2025-03-05,Transportation,169.21,expense,Apple Pay,Online Purchase
2024-12-09,Beauty & Health,73.4,expense,PayPal,Transfer to Friend
2025-03-25,Travel,168.64,expense,PayPal,Service Payment
2024-11-22,Rent,258.65,expense,Apple Pay,Movie Tickets
2024-02-23,Freelance Income,213.53,expense,Bank Transfer,Subscription Payment
2024-10-31,Gifts,344.7,expense,Bank Transfer,Service Payment
2024-04-04,Entertainment,374.64,expense,Debit Card,Clothing Purchase
2024-02-29,Entertainment,215.76,expense,Google Pay,Transfer to Friend
2024-12-02,Entertainment,256.99,expense,Google Pay,Movie Tickets
2024-06-03,Transportation,3235.23,income,Cash,Freelance Fee
2024-05-04,Gifts,488.96,expense,Debit Card,Store Purchase
2024-06-12,Utilities,2264.18,income,Apple Pay,Client Payment
2024-02-28,Healthcare,2355.89,income,Cash,Monthly Salary
2025-03-09,Charity,70.58,expense,PayPal,Transfer to Friend
2024-04-16,Freelance Income,478.08,expense,Cash,Movie Tickets
2024-07-20,Electronics,76.98,expense,Apple Pay,Subscription Payment
2024-10-27,Education,88.34,expense,Bank Transfer,Service Payment
2024-09-26,Travel,130.09,expense,Apple Pay,Restaurant Order
2025-01-12,Groceries,431.82,expense,Google Pay,Movie Tickets
2024-11-22,Transportation,321.54,expense,Google Pay,Subscription Payment
2024-02-08,Utilities,256.11,expense,Debit Card,Service Payment
2024-06-16,Groceries,165.04,expense,Debit Card,Subscription Payment
2024-05-16,Restaurant,47.64,expense,Debit Card,Online Purchase
2024-01-14,Electronics,245.17,expense,Bank Transfer,Movie Tickets
2025-01-26,Transportation,2474.41,income,Bank Transfer,Refund
2024-07-27,Travel,261.73,expense,Credit Card,Online Purchase
2024-01-23,Freelance Income,258.16,expense,Cash,Subscription Payment
2024-12-01,Utilities,195.1,expense,Apple Pay,Service Payment
2025-04-18,Transportation,284.82,expense,Apple Pay,Bill Payment
2024-09-21,Travel,408.38,expense,Bank Transfer,Clothing Purchase
2024-08-15,Salary,253.58,expense,Google Pay,Restaurant Order
2024-09-19,Salary,258.6,expense,Bank Transfer,Online Purchase
2024-07-28,Transportation,187.16,expense,Bank Transfer,Online Purchase
2025-03-31,Groceries,60.27,expense,Bank Transfer,Store Purchase
2025-04-13,Salary,2145.91,income,Debit Card,Dividends
2025-04-18,Travel,457.53,expense,Cash,Restaurant Order
2025-03-26,Healthcare,241.32,expense,Apple Pay,Bill Payment
2024-03-01,Rent,381.8,expense,Bank Transfer,Clothing Purchase
2025-02-04,Rent,349.19,expense,Credit Card,Clothing Purchase
2024-02-26,Groceries,499.41,expense,Bank Transfer,Subscription Payment
2025-01-05,Electronics,167.24,expense,Bank Transfer,Restaurant Order
2024-08-25,Utilities,198.76,expense,PayPal,Bill Payment
2024-05-31,Gadgets,131.18,expense,Bank Transfer,Online Purchase
2024-10-07,Restaurant,443.06,expense,Credit Card,Clothing Purchase
2024-01-05,Charity,318.4,expense,Credit Card,Bill Payment
2024-04-10,Utilities,132.07,expense,Bank Transfer,Subscription Payment
2024-11-01,Charity,4648.59,income,Credit Card,Refund
2024-12-09,Rent,304.59,expense,Bank Transfer,Service Payment
2024-01-31,Travel,150.4,expense,Bank Transfer,Transfer to Friend
2024-02-24,Education,206.32,expense,Cash,Store Purchase
2024-06-02,Education,303.94,expense,Google Pay,Subscription Payment
2024-10-03,Sports,129.17,expense,Apple Pay,Transfer to Friend
2024-12-19,Travel,160.52,expense,Cash,Restaurant Order
2024-12-23,Entertainment,170.65,expense,Google Pay,Subscription Payment
2024-07-04,Clothing,281.6,expense,Bank Transfer,Transfer to Friend
2025-02-11,Gifts,243.45,expense,Apple Pay,Online Purchase
2025-02-15,Transportation,497.78,expense,Bank Transfer,Service Payment
2024-01-30,Groceries,293.35,expense,Apple Pay,Bill Payment
2025-02-21,Charity,451.06,expense,Cash,Online Purchase
2025-01-06,Beauty & Health,412.67,expense,Cash,Transfer to Friend
2024-11-05,Restaurant,356.34,expense,Google Pay,Movie Tickets
2024-04-29,Education,83.58,expense,Bank Transfer,Subscription Payment
2025-03-11,Healthcare,4441.67,income,PayPal,Dividends
2024-12-08,Gadgets,3272.95,income,Cash,Freelance Fee
2024-01-08,Utilities,333.6,expense,Credit Card,Subscription Payment
2024-04-15,Restaurant,2920.2,income,Apple Pay,Refund
2024-05-17,Utilities,371.94,expense,Apple Pay,Service Payment
2024-07-01,Charity,433.91,expense,Cash,Online Purchase
2025-01-19,Utilities,371.47,expense,PayPal,Store Purchase
2024-12-05,Utilities,2923.48,income,Debit Card,Client Payment
2025-01-11,Healthcare,231.03,expense,Credit Card,Clothing Purchase
2025-02-24,Clothing,98.43,expense,PayPal,Bill Payment
2024-07-28,Clothing,296.37,expense,Credit Card,Transfer to Friend
2024-05-28,Gadgets,37.41,expense,Cash,Restaurant Order
2025-01-08,Restaurant,52.13,expense,Apple Pay,Subscription Payment
2024-09-16,Electronics,1677.19,income,Credit Card,Client Payment
2024-05-06,Rent,136.2,expense,PayPal,Bill Payment
2024-10-25,Books,4249.04,income,Apple Pay,Refund
2024-03-06,Freelance Income,387.25,expense,Bank Transfer,Movie Tickets
2024-01-21,Utilities,156.17,expense,Bank Transfer,Clothing Purchase
2024-10-19,Restaurant,109.02,expense,PayPal,Online Purchase
2024-11-20,Transportation,2309.51,income,Apple Pay,Client Payment
2025-04-09,Electronics,88.12,expense,Credit Card,Online Purchase
2024-04-22,Healthcare,2200.92,income,Google Pay,Monthly Salary
2025-03-07,Sports,103.36,expense,Cash,Clothing Purchase
2024-05-18,Education,54.32,expense,Bank Transfer,Subscription Payment
2024-08-25,Education,262.3,expense,Bank Transfer,Restaurant Order
2024-12-26,Freelance Income,456.91,expense,Apple Pay,Clothing Purchase
2025-04-23,Charity,178.64,expense,Apple Pay,Online Purchase
2024-12-13,Beauty & Health,223.07,expense,Apple Pay,Movie Tickets
2024-02-13,Education,75.96,expense,PayPal,Clothing Purchase
2024-03-04,Transportation,418.79,expense,PayPal,Transfer to Friend
2025-02-19,Investments,468.83,expense,Apple Pay,Transfer to Friend
2025-02-08,Transportation,414.18,expense,Bank Transfer,Bill Payment
2025-03-30,Charity,118.9,expense,PayPal,Subscription Payment
2024-09-22,Healthcare,245.04,expense,Bank Transfer,Subscription Payment
2025-03-20,Salary,77.07,expense,Debit Card,Movie Tickets
2024-04-01,Investments,42.41,expense,Credit Card,Online Purchase
2024-04-21,Gadgets,214.8,expense,PayPal,Restaurant Order
2025-02-23,Beauty & Health,846.96,income,Bank Transfer,Freelance Fee
2024-12-05,Education,247.19,expense,Bank Transfer,Subscription Payment
2024-11-28,Utilities,217.55,expense,Cash,Online Purchase
2024-10-01,Rent,4622.32,income,PayPal,Client Payment
2025-01-04,Rent,152.94,expense,Bank Transfer,Clothing Purchase
2024-11-26,Transportation,325.46,expense,Cash,Service Payment
2024-08-14,Travel,26.15,expense,PayPal,Service Payment
2024-08-13,Clothing,132.14,expense,Google Pay,Movie Tickets
2025-03-03,Freelance Income,314.53,expense,Credit Card,Movie Tickets
2024-05-11,Travel,315.88,expense,Credit Card,Store Purchase
2025-01-31,Utilities,339.03,expense,Google Pay,Subscription Payment
2024-08-16,Utilities,406.27,expense,Cash,Subscription Payment
2024-11-10,Entertainment,138.42,expense,Bank Transfer,Clothing Purchase
2025-01-20,Clothing,496.02,expense,Credit Card,Service Payment
2025-01-04,Electronics,1997.86,income,PayPal,Refund
2024-05-08,Groceries,328.19,expense,Google Pay,Online Purchase
2024-10-22,Transportation,76.28,expense,Credit Card,Movie Tickets
2024-01-25,Electronics,437.99,expense,PayPal,Transfer to Friend
2024-07-05,Restaurant,489.69,expense,Apple Pay,Bill Payment
2024-10-19,Restaurant,494.18,expense,Debit Card,Online Purchase
2024-12-21,Entertainment,319.66,expense,Google Pay,Online Purchase
2024-11-21,Clothing,156.61,expense,Credit Card,Bill Payment
2024-05-14,Electronics,4847.16,income,Cash,Refund
2024-01-04,Gadgets,387.12,expense,Bank Transfer,Clothing Purchase
2024-08-14,Restaurant,101.35,expense,Debit Card,Store Purchase
2025-01-12,Entertainment,355.44,expense,PayPal,Online Purchase
2024-06-17,Travel,205.06,expense,Debit Card,Clothing Purchase
2025-03-20,Rent,107.84,expense,Apple Pay,Transfer to Friend
2025-02-21,Entertainment,220.86,expense,Bank Transfer,Bill Payment
2024-10-11,Education,390.78,expense,Apple Pay,Subscription Payment
2024-11-20,Entertainment,381.78,expense,PayPal,Clothing Purchase
2024-01-27,Rent,180.25,expense,PayPal,Restaurant Order
2024-08-12,Salary,493.29,expense,Google Pay,Movie Tickets
2024-09-05,Electronics,569.99,income,Google Pay,Client Payment
2024-12-31,Freelance Income,122.53,expense,PayPal,Service Payment
2025-03-11,Beauty & Health,151.68,expense,Debit Card,Subscription Payment
2024-07-20,Clothing,281.16,expense,Cash,Bill Payment
2025-03-13,Utilities,2026.86,income,PayPal,Dividends
2024-07-16,Education,441.36,expense,Debit Card,Clothing Purchase
2025-02-21,Sports,227.61,expense,Cash,Store Purchase
2024-05-15,Groceries,3761.23,income,Bank Transfer,Dividends
2024-05-05,Entertainment,154.11,expense,Cash,Service Payment
2024-04-04,Sports,371.54,expense,Google Pay,Online Purchase
2024-03-13,Entertainment,225.06,expense,PayPal,Subscription Payment
2024-09-03,Clothing,348.67,expense,Apple Pay,Clothing Purchase
2024-12-06,Restaurant,2203.31,income,Cash,Monthly Salary
2024-05-15,Gadgets,3958.38,income,Debit Card,Freelance Fee
2024-07-14,Freelance Income,324.34,expense,Bank Transfer,Movie Tickets
2024-08-01,Salary,321.7,expense,Bank Transfer,Store Purchase
2025-04-20,Gifts,303.22,expense,Debit Card,Transfer to Friend
2024-04-18,Books,316.3,expense,Apple Pay,Clothing Purchase
2024-11-19,Clothing,388.82,expense,Credit Card,Subscription Payment
2024-04-12,Electronics,16.5,expense,Bank Transfer,Clothing Purchase
2024-12-06,Gadgets,15.4,expense,PayPal,Service Payment
2024-11-23,Books,95.2,expense,Apple Pay,Restaurant Order
2024-03-24,Charity,70.78,expense,PayPal,Clothing Purchase
2024-08-11,Electronics,439.17,expense,Cash,Bill Payment
2024-09-13,Education,38.72,expense,Apple Pay,Subscription Payment
2024-05-13,Transportation,348.28,expense,PayPal,Movie Tickets
2024-12-13,Charity,43.96,expense,Bank Transfer,Store Purchase
2024-04-17,Travel,174.65,expense,Credit Card,Store Purchase
2025-02-18,Charity,383.45,expense,PayPal,Restaurant Order
2025-04-02,Books,36.78,expense,Cash,Store Purchase
2025-04-12,Salary,209.19,expense,Debit Card,Online Purchase
2024-01-08,Travel,279.13,expense,Apple Pay,Restaurant Order
2024-05-29,Gadgets,81.23,expense,PayPal,Restaurant Order
2025-04-30,Restaurant,154.48,expense,Debit Card,Movie Tickets
2025-04-21,Gadgets,457.18,expense,Debit Card,Subscription Payment
2025-01-27,Beauty & Health,479.53,expense,Cash,Transfer to Friend
2024-06-20,Healthcare,119.36,expense,Bank Transfer,Store Purchase
2024-02-16,Investments,411.78,expense,Cash,Clothing Purchase
2024-01-01,Entertainment,303.95,expense,Apple Pay,Online Purchase
2024-12-26,Rent,2840.85,income,Apple Pay,Refund
2024-06-28,Gifts,201.44,expense,Bank Transfer,Transfer to Friend
2024-02-08,Beauty & Health,83.14,expense,Apple Pay,Service Payment
2024-03-30,Entertainment,367.84,expense,Debit Card,Transfer to Friend
2024-03-15,Freelance Income,4189.25,income,Google Pay,Dividends
2024-08-14,Electronics,3943.55,income,Credit Card,Dividends
2024-05-03,Electronics,276.36,expense,PayPal,Online Purchase
2024-12-09,Transportation,26.12,expense,Debit Card,Service Payment
2024-04-06,Groceries,33.71,expense,Bank Transfer,Store Purchase
2024-12-05,Beauty & Health,299.01,expense,PayPal,Subscription Payment
2024-10-09,Transportation,15.01,expense,Credit Card,Movie Tickets
2024-07-25,Entertainment,793.94,income,Credit Card,Monthly Salary
2024-02-02,Entertainment,219.25,expense,PayPal,Service Payment
2024-04-25,Electronics,364.93,expense,Bank Transfer,Subscription Payment
2025-03-30,Entertainment,2176.3,income,Bank Transfer,Refund
2024-12-19,Utilities,2779.45,income,Apple Pay,Monthly Salary
2025-03-04,Sports,365.94,expense,Debit Card,Restaurant Order
2024-11-11,Books,283.04,expense,PayPal,Movie Tickets
2024-11-09,Gadgets,348.26,expense,Bank Transfer,Subscription Payment
2024-06-27,Freelance Income,483.5,expense,Debit Card,Transfer to Friend
2024-06-22,Books,8.95,expense,Debit Card,Subscription Payment
2024-08-21,Education,72.74,expense,Google Pay,Service Payment
2024-05-12,Travel,334.99,expense,Debit Card,Transfer to Friend
2025-03-17,Utilities,90.24,expense,Google Pay,Bill Payment
2024-04-03,Investments,318.23,expense,Google Pay,Movie Tickets
2024-12-13,Travel,1630.91,income,Apple Pay,Freelance Fee
2025-02-05,Entertainment,346.74,expense,Google Pay,Bill Payment
2025-02-23,Freelance Income,478.92,expense,Bank Transfer,Restaurant Order
2024-07-13,Salary,1994.04,income,Cash,Refund
2025-02-08,Gifts,390.3,expense,Debit Card,Subscription Payment
2025-03-05,Beauty & Health,137.51,expense,Debit Card,Service Payment
2024-07-04,Gifts,3552.46,income,Apple Pay,Freelance Fee
2025-04-08,Rent,463.69,expense,Apple Pay,Movie Tickets
2025-01-10,Entertainment,103.63,expense,PayPal,Service Payment
2024-06-13,Gadgets,340.8,expense,Cash,Transfer to Friend
2024-12-27,Groceries,83.55,expense,PayPal,Subscription Payment
2024-07-09,Healthcare,410.13,expense,Apple Pay,Store Purchase
2024-01-05,Sports,445.97,expense,Bank Transfer,Clothing Purchase
2024-07-24,Electronics,481.06,expense,Debit Card,Bill Payment
2025-02-18,Entertainment,13.27,expense,Credit Card,Bill Payment
2024-12-31,Travel,117.88,expense,Google Pay,Restaurant Order
2024-12-09,Charity,4408.79,income,Bank Transfer,Freelance Fee
2024-08-14,Travel,199.19,expense,Apple Pay,Subscription Payment
2025-02-23,Gifts,225.14,expense,Debit Card,Online Purchase
2024-03-14,Transportation,83.35,expense,Debit Card,Store Purchase
2024-08-06,Rent,1194.0,income,PayPal,Freelance Fee
2025-03-15,Clothing,324.21,expense,Bank Transfer,Bill Payment
2024-01-27,Gifts,64.38,expense,Debit Card,Bill Payment
2025-01-09,Clothing,190.83,expense,Cash,Movie Tickets
2024-01-23,Travel,259.3,expense,Credit Card,Movie Tickets
2025-04-05,Gifts,329.79,expense,Apple Pay,Restaurant Order
2024-07-26,Beauty & Health,210.18,expense,Google Pay,Service Payment
2024-12-20,Clothing,17.6,expense,Apple Pay,Clothing Purchase
2024-03-31,Freelance Income,178.09,expense,Bank Transfer,Clothing Purchase
2024-02-21,Electronics,367.86,expense,Bank Transfer,Clothing Purchase
2024-10-29,Rent,378.61,expense,Credit Card,Bill Payment
2024-07-27,Gadgets,113.51,expense,Google Pay,Subscription Payment
2024-03-02,Charity,68.71,expense,Debit Card,Clothing Purchase
2025-03-20,Electronics,491.16,expense,Google Pay,Clothing Purchase
2024-10-30,Clothing,356.18,expense,Google Pay,Online Purchase
2024-04-14,Beauty & Health,257.79,expense,Google Pay,Restaurant Order
2024-05-08,Sports,299.61,expense,Credit Card,Transfer to Friend
2025-01-29,Books,787.33,income,Credit Card,Dividends
2025-04-04,Beauty & Health,2618.92,income,Bank Transfer,Client Payment
2025-02-01,Beauty & Health,2599.04,income,Bank Transfer,Freelance Fee
2024-11-23,Clothing,2105.36,income,PayPal,Freelance Fee
2024-04-04,Salary,964.63,income,Bank Transfer,Monthly Salary
2024-01-07,Entertainment,157.63,expense,Credit Card,Bill Payment
2024-06-22,Groceries,240.15,expense,Apple Pay,Restaurant Order
2024-09-02,Education,4346.56,income,PayPal,Refund
2025-02-18,Travel,76.99,expense,Google Pay,Online Purchase
2024-01-16,Gifts,100.08,expense,Google Pay,Service Payment
2024-06-18,Utilities,184.63,expense,Debit Card,Clothing Purchase
2024-06-15,Healthcare,487.98,expense,Google Pay,Bill Payment
2024-11-05,Healthcare,52.96,expense,Apple Pay,Clothing Purchase
2025-03-03,Investments,332.16,expense,Debit Card,Subscription Payment
2024-03-23,Salary,499.47,expense,PayPal,Service Payment
2025-01-26,Investments,158.3,expense,Credit Card,Store Purchase
2024-08-08,Gadgets,89.03,expense,Credit Card,Movie Tickets
2024-11-17,Travel,44.28,expense,Debit Card,Movie Tickets
2024-06-18,Entertainment,3848.98,income,PayPal,Refund
2024-11-18,Travel,354.91,expense,Cash,Store Purchase
2024-04-24,Utilities,418.29,expense,Debit Card,Service Payment
2024-12-14,Transportation,54.34,expense,Google Pay,Transfer to Friend
2024-11-30,Freelance Income,267.88,expense,Google Pay,Transfer to Friend
2024-08-17,Investments,325.16,expense,Debit Card,Restaurant Order
2024-08-07,Rent,413.38,expense,Credit Card,Service Payment
2024-09-03,Books,384.33,expense,Google Pay,Clothing Purchase
2024-04-10,Transportation,215.05,expense,PayPal,Transfer to Friend
2025-02-19,Beauty & Health,1289.11,income,Credit Card,Freelance Fee
2024-08-09,Transportation,3940.93,income,Cash,Refund
2024-06-27,Salary,64.93,expense,Credit Card,Subscription Payment
2024-06-23,Healthcare,160.66,expense,Google Pay,Clothing Purchase
2024-04-03,Investments,320.56,expense,Bank Transfer,Clothing Purchase
2024-04-24,Clothing,14.02,expense,Debit Card,Subscription Payment
2024-06-10,Education,356.02,expense,Debit Card,Service Payment
2024-09-25,Electronics,29.03,expense,Bank Transfer,Movie Tickets
2024-08-12,Sports,275.55,expense,Google Pay,Restaurant Order
2024-08-21,Gifts,399.04,expense,Debit Card,Online Purchase
2024-12-02,Travel,3748.68,income,Apple Pay,Monthly Salary
2024-03-07,Travel,5.69,expense,Google Pay,Movie Tickets
2025-04-01,Groceries,383.68,expense,Cash,Service Payment
2024-05-05,Investments,335.41,expense,Apple Pay,Service Payment
2024-05-18,Beauty & Health,367.32,expense,PayPal,Bill Payment
2024-04-22,Books,492.32,expense,Credit Card,Restaurant Order
2024-08-06,Freelance Income,300.19,expense,Bank Transfer,Online Purchase
2024-06-04,Groceries,370.26,expense,Credit Card,Restaurant Order
2024-07-03,Education,3362.57,income,Google Pay,Dividends
2024-04-30,Clothing,389.63,expense,Debit Card,Clothing Purchase
2024-11-17,Books,168.2,expense,Bank Transfer,Transfer to Friend
2025-03-24,Gadgets,269.44,expense,Apple Pay,Restaurant Order
2024-07-16,Investments,496.02,expense,Apple Pay,Transfer to Friend
2024-12-10,Groceries,455.06,expense,Google Pay,Clothing Purchase
2024-10-17,Gadgets,370.97,expense,Credit Card,Subscription Payment
2025-04-08,Travel,496.51,expense,Cash,Online Purchase
2024-01-04,Clothing,255.59,expense,Apple Pay,Subscription Payment
2024-07-07,Travel,4715.88,income,Credit Card,Refund
2024-08-26,Entertainment,31.93,expense,Apple Pay,Store Purchase
2024-06-14,Transportation,362.73,expense,Credit Card,Subscription Payment
2024-06-20,Restaurant,182.76,expense,Cash,Service Payment
2024-07-30,Freelance Income,171.15,expense,Credit Card,Movie Tickets
2024-12-10,Charity,300.61,expense,Bank Transfer,Clothing Purchase
2024-03-11,Gadgets,2382.66,income,Apple Pay,Monthly Salary
2024-05-28,Education,69.47,expense,Debit Card,Transfer to Friend
2025-01-25,Investments,493.6,expense,Bank Transfer,Bill Payment
2024-10-11,Entertainment,201.17,expense,Credit Card,Store Purchase
2024-04-25,Investments,127.87,expense,PayPal,Bill Payment
2025-01-25,Restaurant,794.8,income,PayPal,Client Payment
2024-11-18,Gadgets,436.28,expense,Debit Card,Store Purchase
2024-04-02,Investments,49.45,expense,PayPal,Transfer to Friend
2025-04-21,Groceries,312.08,expense,Google Pay,Subscription Payment
2024-04-12,Utilities,499.93,expense,Apple Pay,Bill Payment
2024-12-23,Electronics,348.18,expense,Google Pay,Restaurant Order
2025-01-14,Clothing,19.43,expense,Google Pay,Store Purchase
2024-07-16,Electronics,70.25,expense,Debit Card,Transfer to Friend
2024-04-19,Gadgets,247.15,expense,Cash,Clothing Purchase
2024-11-25,Charity,81.84,expense,Debit Card,Store Purchase
2024-04-10,Rent,404.55,expense,Cash,Subscription Payment
2024-07-01,Gifts,258.4,expense,Google Pay,Clothing Purchase
2024-11-29,Sports,73.64,expense,Google Pay,Restaurant Order
2025-02-09,Investments,4698.27,income,Bank Transfer,Dividends
2024-06-08,Rent,50.99,expense,Credit Card,Service Payment
2024-03-22,Travel,360.22,expense,Cash,Online Purchase
2024-02-05,Freelance Income,180.75,expense,PayPal,Transfer to Friend
2024-08-25,Books,474.74,expense,Google Pay,Transfer to Friend
2024-08-31,Electronics,423.64,expense,Cash,Clothing Purchase
2024-09-07,Books,366.21,expense,Credit Card,Bill Payment
2025-01-27,Restaurant,401.4,expense,Apple Pay,Subscription Payment
2024-09-11,Clothing,485.23,expense,Debit Card,Service Payment
2024-10-08,Freelance Income,406.73,expense,Google Pay,Subscription Payment
2024-01-22,Freelance Income,4785.76,income,Google Pay,Monthly Salary
2025-03-05,Rent,208.8,expense,Apple Pay,Service Payment
2024-08-17,Restaurant,38.36,expense,Apple Pay,Bill Payment
2025-04-15,Electronics,359.55,expense,Google Pay,Service Payment
2025-02-04,Rent,84.0,expense,Google Pay,Store Purchase
2024-06-02,Electronics,110.83,expense,PayPal,Store Purchase
2024-04-29,Transportation,719.49,income,Credit Card,Freelance Fee
2024-06-14,Travel,103.64,expense,Bank Transfer,Transfer to Friend
2025-01-18,Restaurant,2177.16,income,Google Pay,Client Payment
2025-01-20,Groceries,312.02,expense,Bank Transfer,Transfer to Friend
2025-01-24,Healthcare,11.03,expense,Debit Card,Restaurant Order
2024-07-17,Transportation,143.58,expense,Google Pay,Bill Payment
2025-01-31,Entertainment,78.8,expense,Apple Pay,Store Purchase
2024-12-12,Groceries,300.5,expense,Cash,Restaurant Order
2024-03-15,Gifts,218.17,expense,Debit Card,Clothing Purchase
2025-03-14,Groceries,288.58,expense,Cash,Movie Tickets
2024-03-19,Groceries,399.81,expense,PayPal,Subscription Payment
2024-11-14,Freelance Income,368.33,expense,Cash,Movie Tickets
2024-03-13,Groceries,200.28,expense,Credit Card,Transfer to Friend
2024-07-18,Freelance Income,1934.81,income,Bank Transfer,Refund
2024-10-28,Education,406.72,expense,Apple Pay,Online Purchase
2024-05-13,Beauty & Health,258.89,expense,Google Pay,Store Purchase
2024-02-17,Education,365.33,expense,Credit Card,Online Purchase
2024-07-06,Beauty & Health,150.36,expense,Debit Card,Bill Payment
2024-06-19,Gadgets,94.35,expense,Debit Card,Restaurant Order
2025-03-27,Beauty & Health,399.86,expense,Google Pay,Service Payment
2024-05-18,Restaurant,429.45,expense,Credit Card,Clothing Purchase
2024-08-30,Freelance Income,207.96,expense,Credit Card,Restaurant Order
2024-11-09,Sports,442.41,expense,Cash,Bill Payment
2025-04-20,Charity,111.83,expense,PayPal,Restaurant Order
2024-12-11,Healthcare,43.73,expense,Credit Card,Service Payment
2025-01-22,Rent,162.97,expense,Bank Transfer,Subscription Payment
2024-05-05,Books,93.95,expense,Debit Card,Restaurant Order
2024-07-25,Groceries,186.38,expense,Bank Transfer,Store Purchase
2024-12-04,Education,335.2,expense,Google Pay,Transfer to Friend
2024-07-16,Gifts,388.27,expense,Bank Transfer,Online Purchase
2024-07-05,Clothing,334.74,expense,PayPal,Transfer to Friend
2025-01-23,Salary,33.78,expense,Apple Pay,Transfer to Friend
2024-01-18,Entertainment,101.41,expense,Credit Card,Bill Payment
2024-07-16,Healthcare,103.63,expense,Cash,Restaurant Order
2025-03-23,Sports,334.08,expense,PayPal,Bill Payment
2024-12-16,Groceries,336.18,expense,PayPal,Movie Tickets
2024-06-01,Entertainment,356.05,expense,Debit Card,Movie Tickets
2024-05-11,Transportation,56.77,expense,Apple Pay,Restaurant Order
2024-11-21,Sports,77.96,expense,Debit Card,Service Payment
2025-02-28,Gadgets,450.25,expense,Google Pay,Online Purchase
2024-06-13,Sports,124.07,expense,Google Pay,Clothing Purchase
2024-02-28,Education,137.94,expense,Cash,Bill Payment
2024-06-26,Utilities,315.56,expense,Credit Card,Movie Tickets
2025-03-15,Transportation,233.15,expense,Debit Card,Clothing Purchase
2024-06-01,Charity,74.78,expense,PayPal,Store Purchase
2024-06-10,Transportation,92.87,expense,Google Pay,Service Payment
2025-02-06,Freelance Income,314.76,expense,Apple Pay,Restaurant Order
2024-12-19,Restaurant,490.31,expense,Bank Transfer,Store Purchase
2025-04-07,Beauty & Health,372.2,expense,Debit Card,Movie Tickets
2024-08-29,Healthcare,126.47,expense,Cash,Service Payment
2024-05-15,Sports,151.5,expense,Bank Transfer,Clothing Purchase
2025-03-13,Healthcare,78.8,expense,Debit Card,Subscription Payment
2024-08-23,Rent,434.33,expense,Credit Card,Bill Payment
2024-02-16,Entertainment,305.18,expense,Cash,Online Purchase
2024-05-07,Sports,56.44,expense,Bank Transfer,Clothing Purchase
2025-02-21,Charity,467.04,expense,Debit Card,Transfer to Friend
2024-12-03,Charity,685.98,income,Debit Card,Refund
2024-06-06,Books,113.78,expense,Debit Card,Bill Payment
2024-01-13,Transportation,227.83,expense,Cash,Subscription Payment
2024-04-28,Entertainment,355.86,expense,Debit Card,Bill Payment
2024-10-29,Electronics,3796.7,income,Google Pay,Freelance Fee
2025-01-09,Salary,488.72,expense,Credit Card,Restaurant Order
2024-10-15,Groceries,316.09,expense,Debit Card,Movie Tickets
2024-10-17,Freelance Income,15.89,expense,Debit Card,Service Payment
2024-04-25,Groceries,50.9,expense,Cash,Subscription Payment
2024-03-28,Sports,102.51,expense,Credit Card,Bill Payment
2024-05-04,Restaurant,1503.56,income,Debit Card,Refund
2025-02-13,Gadgets,2573.78,income,Credit Card,Refund
2024-06-23,Rent,229.19,expense,Google Pay,Subscription Payment
2024-12-29,Groceries,495.74,expense,Cash,Store Purchase
2024-02-22,Salary,335.57,expense,PayPal,Online Purchase
2024-04-20,Clothing,396.44,expense,Debit Card,Movie Tickets
2024-03-05,Travel,310.28,expense,Credit Card,Store Purchase
2024-11-28,Utilities,481.69,expense,Credit Card,Service Payment
2025-01-09,Entertainment,3018.29,income,Google Pay,Client Payment
2024-03-14,Charity,326.96,expense,Cash,Restaurant Order
2024-05-26,Charity,264.41,expense,Apple Pay,Bill Payment
2024-09-17,Books,307.25,expense,Debit Card,Movie Tickets
2024-09-20,Freelance Income,379.93,expense,Bank Transfer,Clothing Purchase
2024-05-11,Restaurant,199.36,expense,Apple Pay,Movie Tickets
2024-02-18,Gadgets,411.48,expense,Apple Pay,Transfer to Friend
2024-03-17,Books,226.1,expense,Debit Card,Transfer to Friend
2024-10-20,Transportation,433.68,expense,Google Pay,Store Purchase
2024-04-26,Entertainment,497.96,expense,Google Pay,Bill Payment
2024-02-18,Restaurant,1383.81,income,Cash,Monthly Salary
2024-04-19,Groceries,233.98,expense,Apple Pay,Movie Tickets
2025-04-11,Groceries,122.08,expense,Debit Card,Movie Tickets
2024-06-28,Clothing,373.41,expense,PayPal,Clothing Purchase
2024-02-19,Gadgets,380.5,expense,Cash,Transfer to Friend
2024-03-12,Investments,81.02,expense,Debit Card,Clothing Purchase
2024-12-12,Salary,458.79,expense,Apple Pay,Online Purchase
2025-03-09,Rent,229.9,expense,PayPal,Transfer to Friend
2024-10-12,Entertainment,3591.82,income,Bank Transfer,Freelance Fee
2024-01-04,Beauty & Health,183.28,expense,Debit Card,Bill Payment
2024-03-15,Beauty & Health,173.9,expense,PayPal,Transfer to Friend
2024-03-25,Beauty & Health,154.91,expense,Google Pay,Transfer to Friend
2024-11-17,Charity,42.18,expense,Google Pay,Bill Payment
2025-01-10,Groceries,416.37,expense,Debit Card,Subscription Payment
2024-01-21,Charity,135.89,expense,PayPal,Store Purchase
2024-07-27,Rent,483.53,expense,Google Pay,Service Payment
2024-02-12,Beauty & Health,397.06,expense,Debit Card,Store Purchase
2024-01-29,Groceries,232.31,expense,Credit Card,Transfer to Friend
2025-02-14,Rent,349.3,expense,Bank Transfer,Restaurant Order
2024-12-09,Beauty & Health,72.9,expense,Debit Card,Store Purchase
2024-06-29,Gifts,388.39,expense,Google Pay,Transfer to Friend
2024-10-31,Transportation,294.27,expense,Debit Card,Transfer to Friend
2025-03-26,Healthcare,2839.69,income,Bank Transfer,Refund
2024-04-12,Groceries,194.4,expense,Bank Transfer,Store Purchase
2024-09-22,Education,61.52,expense,Cash,Online Purchase
2024-09-15,Sports,79.1,expense,Bank Transfer,Online Purchase
2025-01-07,Travel,219.59,expense,Debit Card,Clothing Purchase
2024-12-30,Rent,4791.39,income,Google Pay,Dividends
2024-08-21,Investments,118.36,expense,Cash,Store Purchase
2024-12-11,Entertainment,4882.66,income,Bank Transfer,Dividends
2025-01-15,Rent,4074.97,income,Bank Transfer,Freelance Fee
2025-01-08,Utilities,1179.91,income,PayPal,Freelance Fee
2024-04-10,Freelance Income,1796.96,income,Google Pay,Client Payment
2024-03-31,Groceries,460.07,expense,Google Pay,Bill Payment
2024-03-09,Salary,493.22,expense,Debit Card,Bill Payment
2024-04-15,Transportation,183.64,expense,Google Pay,Transfer to Friend
2024-01-11,Utilities,264.56,expense,Google Pay,Subscription Payment
2024-01-13,Books,60.22,expense,Apple Pay,Movie Tickets
2024-04-14,Charity,1244.73,income,PayPal,Dividends
2024-08-13,Clothing,200.5,expense,Cash,Bill Payment
2025-02-25,Investments,4350.4,income,Debit Card,Freelance Fee
2024-06-16,Electronics,190.21,expense,Debit Card,Bill Payment
2025-02-20,Salary,209.94,expense,Credit Card,Online Purchase
2025-01-13,Rent,496.34,expense,Apple Pay,Restaurant Order
2024-10-16,Restaurant,383.85,expense,Credit Card,Bill Payment
2025-02-14,Groceries,484.61,expense,Google Pay,Service Payment
2024-04-09,Beauty & Health,148.25,expense,PayPal,Online Purchase
2024-08-05,Groceries,308.6,expense,Bank Transfer,Restaurant Order
2024-11-02,Travel,249.38,expense,PayPal,Restaurant Order
2024-12-10,Freelance Income,1292.23,income,Cash,Dividends
2024-07-29,Books,83.78,expense,Credit Card,Restaurant Order
2024-10-03,Utilities,477.16,expense,Google Pay,Clothing Purchase
2024-08-10,Investments,177.32,expense,Debit Card,Online Purchase
2024-06-05,Restaurant,248.13,expense,Debit Card,Subscription Payment
2024-03-13,Education,432.07,expense,Apple Pay,Restaurant Order
2024-10-01,Healthcare,114.23,expense,Credit Card,Restaurant Order
2025-02-13,Clothing,319.59,expense,Credit Card,Movie Tickets
2025-02-12,Utilities,198.14,expense,Debit Card,Clothing Purchase
2024-02-09,Travel,400.88,expense,Apple Pay,Store Purchase
2024-08-22,Charity,414.82,expense,Debit Card,Bill Payment
2024-05-03,Utilities,251.87,expense,Apple Pay,Restaurant Order
2024-10-11,Charity,421.81,expense,Apple Pay,Online Purchase
2024-06-01,Rent,471.15,expense,Apple Pay,Store Purchase
2024-05-26,Gifts,149.77,expense,Cash,Restaurant Order
2024-07-14,Gadgets,79.58,expense,Debit Card,Online Purchase
2024-06-21,Utilities,108.52,expense,Cash,Subscription Payment
2024-07-30,Entertainment,4705.74,income,Debit Card,Client Payment
2024-10-28,Gadgets,143.12,expense,Cash,Bill Payment
2024-11-06,Gifts,358.16,expense,Bank Transfer,Movie Tickets
2024-01-01,Clothing,480.62,expense,Google Pay,Movie Tickets
2024-05-18,Beauty & Health,3778.73,income,PayPal,Client Payment
2024-07-14,Investments,295.74,expense,Cash,Online Purchase
2025-01-25,Gifts,335.47,expense,Google Pay,Transfer to Friend
2024-08-07,Sports,363.59,expense,Cash,Subscription Payment
2024-12-21,Groceries,4207.52,income,Debit Card,Monthly Salary
2025-03-17,Investments,488.11,expense,Bank Transfer,Restaurant Order
2025-03-30,Entertainment,2992.2,income,Debit Card,Freelance Fee
2025-02-07,Sports,25.31,expense,Cash,Service Payment
2024-06-11,Salary,208.8,expense,PayPal,Service Payment
2024-02-20,Education,56.03,expense,Debit Card,Subscription Payment
2024-08-30,Healthcare,368.98,expense,Credit Card,Subscription Payment
2024-12-24,Freelance Income,429.45,expense,Bank Transfer,Store Purchase
2024-01-21,Clothing,394.7,expense,Cash,Movie Tickets
2024-06-20,Charity,441.37,expense,Debit Card,Bill Payment
2024-04-28,Books,291.72,expense,Bank Transfer,Store Purchase
2024-05-08,Entertainment,322.19,expense,Cash,Store Purchase
2025-04-29,Investments,312.65,expense,Credit Card,Service Payment
2024-12-31,Gadgets,37.13,expense,PayPal,Restaurant Order
2024-04-15,Utilities,116.37,expense,Credit Card,Online Purchase
2024-07-13,Beauty & Health,31.82,expense,Bank Transfer,Clothing Purchase
2024-08-13,Sports,435.14,expense,Bank Transfer,Online Purchase
2024-05-20,Entertainment,359.46,expense,PayPal,Service Payment
2024-09-28,Electronics,326.42,expense,Google Pay,Transfer to Friend
2024-04-28,Travel,229.09,expense,Bank Transfer,Subscription Payment
2024-02-03,Education,204.97,expense,Debit Card,Restaurant Order
2024-05-31,Freelance Income,363.88,expense,PayPal,Movie Tickets
2025-01-31,Entertainment,306.24,expense,Apple Pay,Bill Payment
2025-01-24,Restaurant,156.26,expense,PayPal,Online Purchase
2024-02-08,Healthcare,160.88,expense,Google Pay,Bill Payment
2024-09-14,Beauty & Health,366.91,expense,Bank Transfer,Store Purchase
2024-09-23,Sports,375.83,expense,PayPal,Store Purchase
2024-01-07,Charity,169.15,expense,Bank Transfer,Store Purchase
2025-01-16,Freelance Income,1730.51,income,Google Pay,Monthly Salary
2024-09-19,Investments,2070.7,income,Bank Transfer,Monthly Salary
2024-04-12,Groceries,265.25,expense,Google Pay,Service Payment
2025-02-26,Restaurant,22.04,expense,Google Pay,Restaurant Order
2024-11-27,Clothing,1313.05,income,Bank Transfer,Freelance Fee
2025-01-05,Healthcare,459.48,expense,PayPal,Transfer to Friend
2024-12-07,Education,2884.8,income,Google Pay,Monthly Salary
